Complete!
[ec2-user@ip-10-12-11-143 ~]$ mysql -h mysqldbreplica.cx9qhw7vnzsf.eu-west-2.rds.amazonaws.com -D udacity -u admin -p
Enter password:
Reading table information for completion of table and column names
You can turn off this feature to get a quicker startup with -A

Welcome to the MySQL monitor.  Commands end with ; or \g.
Your MySQL connection id is 18
Server version: 5.7.26 Source distribution

Copyright (c) 2000, 2020, Oracle and/or its affiliates. All rights reserved.

Oracle is a registered trademark of Oracle Corporation and/or its
affiliates. Other names may be trademarks of their respective
owners.

Type 'help;' or '\h' for help. Type '\c' to clear the current input statement.

mysql> SELECT * FROM users;
+------+-----------+----------+-------------+--------------------+
| id   | name      | username | password    | email              |
+------+-----------+----------+-------------+--------------------+
|    1 | John Doe  | john     | Password123 | john@thingx.cloud  |
|    2 | Jane Doe  | jane     | Password123 | jane@thingx.cloud  |
|    3 | Jason Doe | jason    | Password123 | jason@thingx.cloud |
|    3 | Alpha Doe | alpha    | Password123 | alpha@thingx.cloud |
+------+-----------+----------+-------------+--------------------+
4 rows in set (0.00 sec)

mysql> INSERT INTO users (id,name,email,username,password) VALUES(5,"James Doe","james@thingx.cloud","james","Password123");
ERROR 1290 (HY000): The MySQL server is running with the --read-only option so it cannot execute this statement


===================================
** Executed insert on primary and queried from read replica to verify 
=================================
mysql> SELECT * FROM users;
+------+-----------+----------+-------------+--------------------+
| id   | name      | username | password    | email              |
+------+-----------+----------+-------------+--------------------+
|    1 | John Doe  | john     | Password123 | john@thingx.cloud  |
|    2 | Jane Doe  | jane     | Password123 | jane@thingx.cloud  |
|    3 | Jason Doe | jason    | Password123 | jason@thingx.cloud |
|    3 | Alpha Doe | alpha    | Password123 | alpha@thingx.cloud |
|    5 | James Doe | james    | Password123 | james@thingx.cloud |
+------+-----------+----------+-------------+--------------------+
5 rows in set (0.00 sec)

mysql>
